Metric,All Features,Top Features
Accuracy,0.8026969481902059,0.78708303761533
AUC,0.7120152936009713,0.6945568214110414
F1-Score,0.5825825825825826,0.5535714285714286
